<?xml version="1.0" encoding="UTF-8"?>
<beans xmlns="http://www.springframework.org/schema/beans"
	xmlns:xsi="http://www.w3.org/2001/XMLSchema-instance"
	xmlns:aop="http://www.springframework.org/schema/aop"
	xmlns:context="http://www.springframework.org/schema/context"
	xsi:schemaLocation="http://www.springframework.org/schema/beans http://www.springframework.org/schema/beans/spring-beans.xsd
		http://www.springframework.org/schema/aop http://www.springframework.org/schema/aop/spring-aop.xsd
		http://www.springframework.org/schema/context http://www.springframework.org/schema/context/spring-context.xsd">

	<context:component-scan base-package="com.example.demo.aopns2" />
	
	<bean id="pc" class="org.springframework.aop.aspectj.AspectJExpressionPointcut">
		<property name="expression" value="execution(* two*(..))"/>
	</bean>
	
	<!-- 
	<bean id="advisor" class="org.springframework.aop.support.DefaultPointcutAdvisor">
		<constructor-arg ref="pc"></constructor-arg>
		<constructor-arg ref="advice"></constructor-arg>
	</bean>
	 -->
	
	<!-- 
		항상, CGLIB 프록시 기술을 사용하도록 요청한다.
	 -->
	<aop:config proxy-target-class="true">
		<!-- <aop:advisor advice-ref="advice" pointcut-ref="pc"/> -->
	
		<aop:aspect ref="myAdvice">
			<aop:before method="myBefore" pointcut-ref="pc"/>
			<aop:around method="myAround" pointcut-ref="pc"/>
			<aop:after-returning method="myAfterReturning" pointcut-ref="pc"/>
			<aop:after-throwing method="myAfterThrowing" pointcut-ref="pc"/>
			<aop:after method="myAfter" pointcut-ref="pc"/>
		</aop:aspect>
	</aop:config>

</beans>