<?xml version="1.0" encoding="UTF-8"?>
<beans xmlns="http://www.springframework.org/schema/beans"
	xmlns:xsi="http://www.w3.org/2001/XMLSchema-instance"
	xmlns:aop="http://www.springframework.org/schema/aop"
	xmlns:context="http://www.springframework.org/schema/context"
	xsi:schemaLocation="http://www.springframework.org/schema/beans http://www.springframework.org/schema/beans/spring-beans.xsd
		http://www.springframework.org/schema/aop http://www.springframework.org/schema/aop/spring-aop.xsd
		http://www.springframework.org/schema/context http://www.springframework.org/schema/context/spring-context.xsd">
	
	<context:component-scan base-package="com.example.demo.aopns3"></context:component-scan>
	
	<!-- 
//		AspectJExpressionPointcut pc = new AspectJExpressionPointcut();
//		pc.setExpression("execution(* two*(..))");
	 -->
	
	
	<bean id="pc" class="org.springframework.aop.aspectj.AspectJExpressionPointcut">
		<property name="expression" value="execution(* name*(..))"></property>
	</bean>
	
	<aop:config>
		<aop:aspect ref="advices">
			<aop:before method="myBefore" pointcut-ref="pc"/>
		</aop:aspect>
	</aop:config>
</beans>
