<?xml version="1.0" encoding="UTF-8"?>
<beans xmlns="http://www.springframework.org/schema/beans"
	xmlns:xsi="http://www.w3.org/2001/XMLSchema-instance"
	xmlns:aop="http://www.springframework.org/schema/aop"
	xmlns:context="http://www.springframework.org/schema/context"
	xsi:schemaLocation="http://www.springframework.org/schema/beans http://www.springframework.org/schema/beans/spring-beans.xsd
		http://www.springframework.org/schema/aop http://www.springframework.org/schema/aop/spring-aop.xsd
		http://www.springframework.org/schema/context http://www.springframework.org/schema/context/spring-context.xsd">

	<context:component-scan base-package="com.example.demo.aopns" />
	
	<bean id="pc" class="org.springframework.aop.aspectj.AspectJExpressionPointcut">
		<property name="expression" value="execution(* two*(..))"></property>
	</bean>
	
	<bean id="advisor" class="org.springframework.aop.support.DefaultPointcutAdvisor">
		<constructor-arg ref="pc"></constructor-arg>
		<constructor-arg ref="advice"></constructor-arg>
	</bean><!-- <aop:advisor advice-ref="advice" pointcut-ref ="pc"/>와 동일하다. -->
	
	<!-- proxy-target-class="true"
		항상 CGLIB 프록시 기술을 사용하도록 요청한다.
	 -->
	<aop:config proxy-target-class="true">
		 <!-- <aop:advisor advice-ref="advice" pointcut-ref ="pc"/> -->
		
		<!-- 인터페이스 구현을 할 필요가 없다. -->
		<aop:aspect ref="myAdvice">
			<aop:before method="myBefore" pointcut-ref ="pc"/>
			<aop:around method="myAround" pointcut-ref ="pc"/>
			<aop:after-returning method="myAfterReturing" pointcut-ref ="pc"/>
			<aop:after-throwing method="myAfterThrowing" pointcut-ref ="pc"/>
			<aop:after method="myAfter" pointcut-ref ="pc"/>
		</aop:aspect> 
	</aop:config>
	<!-- ProxyFactoryBean과 동일한데, 다수의 것을 할 때 사용 -->
	<!-- <aop:aspect> (전역설정) : advice 클래스를 가지고 있는 것이 누구인지 명시 -->
	
</beans>
