<?xml version="1.0" encoding="UTF-8"?>
<beans xmlns="http://www.springframework.org/schema/beans"
	xmlns:xsi="http://www.w3.org/2001/XMLSchema-instance"
	xsi:schemaLocation="http://www.springframework.org/schema/beans http://www.springframework.org/schema/beans/spring-beans.xsd">

	<!-- 
		Hello hello = new HelloImpl();
		Hello proxy = new Proxy(hello);
	 -->
	 
	<bean id="hello" class="com.example.proxy1_1.HelloImpl"></bean>
	
	<bean id="proxy" class="com.example.proxy1_1.Proxy">
		<constructor-arg ref="hello" />
	</bean>
	
	<bean id="testMain" class="com.example.proxy1_1.TestMain">
		<property name="hello" ref="proxy" />
		<!-- name="hello"에 에러 = setter가 없다는 뜻. -->
		<!-- ref="proxy"를 hello로 바꾸면 코드의 수정없이 변경가능 -->
	</bean>

</beans>
