<?xml version="1.0" encoding="UTF-8"?>
<beans xmlns="http://www.springframework.org/schema/beans"
	xmlns:xsi="http://www.w3.org/2001/XMLSchema-instance" xmlns:aop="http://www.springframework.org/schema/aop"
	xmlns:context="http://www.springframework.org/schema/context" xmlns:p="http://www.springframework.org/schema/p"
	xsi:schemaLocation="http://www.springframework.org/schema/beans http://www.springframework.org/schema/beans/spring-beans.xsd
		http://www.springframework.org/schema/aop http://www.springframework.org/schema/aop/spring-aop.xsd
		http://www.springframework.org/schema/context http://www.springframework.org/schema/context/spring-context.xsd">

	<bean id="wizWell" class="com.example.demo.ioc.WizWell"></bean>
	<bean id="phillips" class="com.example.demo.ioc.Phillips"></bean>
	
	<bean id="coffeeManager" class="com.example.demo.ioc.CoffeeManager">
		<property name="maker" ref="wizWell" ></property>
	</bean>

</beans>
