<?xml version="1.0" encoding="UTF-8"?>
<beans xmlns="http://www.springframework.org/schema/beans"
	xmlns:xsi="http://www.w3.org/2001/XMLSchema-instance" xmlns:p="http://www.springframework.org/schema/p"
	xsi:schemaLocation="http://www.springframework.org/schema/beans   
http://www.springframework.org/schema/beans/spring-beans-3.0.xsd">
	
	
	<bean id="jdbcTemplate" class="org.springframework.jdbc.core.JdbcTemplate">
		<property name="dataSource" ref="ds"></property>
	</bean>
	
	<bean id="employeeRowMapper" class="com.javatpoint.EmployeeRowMapper"></bean>
	
	<bean id="edao" class="com.javatpoint.EmployeeDao">
		<property name="jdbcTemplate" ref="jdbcTemplate"></property>
		<property name="employeeRowMapper" ref="employeeRowMapper"></property>
	</bean>
	
	<bean id="ds" class="org.springframework.jdbc.datasource.DriverManagerDataSource">
		<property name="driverClassName" value="oracle.jdbc.driver.OracleDriver" />
		<property name="url" value="jdbc:oracle:thin:@192.168.0.27:1521:TOPCREDU" />
		<property name="username" value="test7"></property>
		<property name="password" value="test7"></property>
	</bean>
	
</beans>  